{
  "_format": "hh-sol-cache-2",
  "files": {
    "C:\\Users\\Shiva\\Documents\\Blockchain_dev\\hardhatlab\\contracts\\Lock.sol": {
      "lastModificationDate": 1706932304659,
      "contentHash": "ae66265769cc28ebdaa34881df95bc5e",
      "sourceName": "contracts/Lock.sol",
      "solcConfig": {
        "version": "0.8.19",
        "settings": {
          "optimizer": {
            "enabled": false,
            "runs": 200
          },
          "outputSelection": {
            "*": {
              "*": [
                "abi",
                "evm.bytecode",
                "evm.deployedBytecode",
                "evm.methodIdentifiers",
                "metadata"
              ],
              "": [
                "ast"
              ]
            }
          }
        }
      },
      "imports": [],
      "versionPragmas": [
        "^0.8.9"
      ],
      "artifacts": [
        "Lock"
      ]
    },
    "C:\\Users\\Shiva\\Documents\\Blockchain_dev\\hardhatlab\\contracts\\token.sol": {
      "lastModificationDate": 1706936483422,
      "contentHash": "578adba40d2ae6df9b5fd2c9da53fbb2",
      "sourceName": "contracts/token.sol",
      "solcConfig": {
        "version": "0.8.19",
        "settings": {
          "optimizer": {
            "enabled": false,
            "runs": 200
          },
          "outputSelection": {
            "*": {
              "*": [
                "abi",
                "evm.bytecode",
                "evm.deployedBytecode",
                "evm.methodIdentifiers",
                "metadata"
              ],
              "": [
                "ast"
              ]
            }
          }
        }
      },
      "imports": [],
      "versionPragmas": [
        "^0.8.0"
      ],
      "artifacts": [
        "Token"
      ]
    }
  }
}
